,loan_amnt,term,int_rate,installment,emp_title,emp_length,home_ownership,annual_inc,verification_status,loan_status,purpose,dti,pub_rec,revol_bal,total_acc,initial_list_status,application_type,pub_rec_bankruptcies,address,issue_d_month,issue_d_year,earliest_cr_line_month,earliest_cr_line_year
0,10000.0,36,11.44,329.48,202,10,0,117000.0,0,1,10,26.24,0.0,36369.0,25.0,1,1,0.0,10,1,2015,6,1990
1,8000.0,36,11.99,265.68,94,4 ,3,65000.0,0,1,2,22.05,0.0,20131.0,27.0,0,1,0.0,51,1,2015,7,2004
2,15600.0,36,10.49,506.97,318,0.6,0,43057.0,2,1,1,12.79,0.0,11987.0,26.0,0,1,0.0,343,1,2015,8,2007
3,7200.0,36,6.49,220.65,71,6 ,0,54000.0,0,1,1,2.6,0.0,5472.0,13.0,0,1,0.0,323,11,2014,9,2006
4,24375.0,60,17.27,609.33,108,9 ,3,55000.0,1,2,1,33.95,0.0,24584.0,43.0,0,1,0.0,268,4,2013,3,1999
5,20000.0,36,13.33,677.07,164,10,3,86788.0,1,1,2,16.31,0.0,25757.0,23.0,0,1,0.0,70,9,2015,1,2005
6,18000.0,36,5.32,542.07,308,2 ,3,125000.0,2,1,3,1.36,0.0,4178.0,25.0,0,1,0.0,46,9,2015,8,2005
7,13000.0,36,11.14,426.47,225,10,0,46000.0,0,1,1,26.87,0.0,13425.0,15.0,0,1,0.0,413,9,2012,9,1994
8,18900.0,60,10.99,410.84,18,10,0,103000.0,1,1,2,12.52,0.0,18637.0,40.0,1,1,0.0,417,10,2014,6,1994
9,26300.0,36,16.29,928.4,272,3 ,3,115000.0,1,1,2,23.69,0.0,22171.0,37.0,0,1,0.0,135,4,2012,12,1997
10,10000.0,36,13.11,337.47,307,2 ,0,95000.0,1,1,2,12.04,1.0,4702.0,26.0,0,1,1.0,157,6,2013,12,1990
11,35000.0,36,14.64,1207.13,110,8 ,3,130000.0,1,1,1,12.19,0.0,81263.0,61.0,1,1,0.0,124,5,2014,5,1984
12,7500.0,36,9.17,239.1,305,7 ,1,55000.0,0,1,2,28.21,0.0,17838.0,35.0,1,0,0.0,161,12,2015,4,1995
13,35000.0,60,12.29,783.7,273,10,3,157000.0,1,1,2,29.39,0.0,113091.0,27.0,1,1,0.0,133,4,2015,1,1997
14,25975.0,36,6.62,797.53,264,9 ,3,65000.0,1,1,9,9.18,0.0,5140.0,35.0,0,1,0.0,27,10,2012,5,2001
15,18000.0,36,8.39,567.3,136,8 ,3,45000.0,0,1,5,12.81,0.0,551.0,23.0,1,1,0.0,54,7,2014,9,1994
16,32350.0,60,21.98,893.11,78,10,3,72000.0,1,1,2,18.08,0.0,23603.0,22.0,0,1,0.0,159,2,2013,3,1982
17,11200.0,60,12.29,250.79,253,10,3,81000.0,0,1,2,12.87,1.0,5874.0,20.0,1,1,1.0,190,10,2015,9,1996
18,34000.0,36,7.9,1063.87,245,10,0,130580.0,1,1,2,25.4,0.0,8767.0,36.0,0,1,0.0,97,1,2014,1,1990
19,20000.0,36,6.97,617.27,274,7 ,3,85000.0,0,1,2,18.8,0.0,24195.0,38.0,1,1,0.0,437,3,2016,3,2000
20,9200.0,36,6.62,282.48,241,0.6,0,65000.0,2,1,2,10.81,0.0,6448.0,23.0,1,1,0.0,398,4,2014,1,2006
21,7350.0,36,13.11,248.05,143,10,3,54800.0,0,1,2,7.47,0.0,3240.0,36.0,0,1,0.0,13,6,2013,3,1999
23,20000.0,36,8.39,630.34,226,10,1,55000.0,2,1,2,9.23,0.0,21497.0,18.0,0,1,0.0,129,10,2014,1,2003
24,5000.0,36,15.61,174.83,231,5 ,0,75000.0,1,1,10,13.58,0.0,3120.0,26.0,0,1,0.0,101,9,2015,5,2008
26,8400.0,36,13.35,284.45,34,6 ,0,35000.0,2,2,2,23.08,0.0,6953.0,17.0,0,1,0.0,430,6,2014,6,2004
27,23050.0,36,12.12,766.92,17,3 ,0,80000.0,1,1,2,25.47,0.0,26693.0,23.0,1,1,0.0,201,4,2013,1,1999
28,15000.0,36,9.99,483.94,330,10,3,79000.0,1,1,2,17.27,0.0,13658.0,25.0,0,1,0.0,50,10,2013,4,1994
29,20000.0,36,8.19,628.49,311,10,3,87000.0,2,1,2,15.32,0.0,26330.0,29.0,1,1,0.0,379,11,2014,3,2000
30,13200.0,36,18.75,482.2,213,10,0,71000.0,2,1,8,29.54,0.0,30464.0,35.0,0,1,0.0,72,5,2013,4,1998
31,4600.0,36,12.29,153.43,320,5 ,0,29400.0,0,1,1,29.63,0.0,10112.0,17.0,1,1,0.0,30,2,2015,7,2007
33,20000.0,36,12.29,667.06,295,3 ,0,95000.0,2,1,2,11.82,0.0,16498.0,17.0,0,1,0.0,424,6,2015,10,2007
34,12725.0,36,14.99,441.06,100,10,0,43000.0,0,1,2,28.8,0.0,10264.0,16.0,1,1,0.0,338,6,2014,6,2004
37,15000.0,36,13.67,510.27,127,10,3,90000.0,0,1,2,21.44,0.0,4707.0,40.0,1,1,0.0,391,10,2013,5,1997
38,15000.0,36,13.35,507.95,162,7 ,0,52000.0,1,1,1,11.68,0.0,18391.0,21.0,1,1,0.0,296,6,2014,7,2006
39,10800.0,36,13.98,369.02,299,4 ,0,51840.0,2,1,1,25.6,0.0,15727.0,22.0,1,1,0.0,406,10,2014,9,2003
42,21000.0,60,17.86,531.67,181,2 ,3,80000.0,2,1,2,15.67,0.0,4189.0,35.0,1,1,0.0,162,12,2015,2,2002
43,8400.0,36,12.12,279.49,356,10,0,120000.0,1,1,2,29.56,0.0,28739.0,34.0,0,1,0.0,392,3,2013,1,1992
44,11950.0,60,16.29,292.45,180,10,0,30000.0,2,1,2,13.73,0.0,2975.0,15.0,1,1,0.0,4,10,2014,8,2001
45,6700.0,36,21.49,254.12,160,0.6,0,21000.0,1,1,2,10.86,0.0,5832.0,21.0,1,1,0.0,408,6,2016,12,2010
46,16000.0,36,12.99,539.03,237,10,3,78000.0,2,1,2,23.31,0.0,18863.0,23.0,0,1,0.0,252,3,2014,10,1999
47,20000.0,36,13.67,680.36,193,10,3,64000.0,1,1,2,21.91,0.0,28236.0,37.0,1,1,0.0,234,11,2013,9,2004
48,16000.0,60,18.54,411.01,2,3 ,0,40000.0,2,2,2,37.26,0.0,13179.0,20.0,1,1,0.0,295,12,2014,9,2003
50,12875.0,36,17.1,459.67,93,8 ,1,58000.0,0,1,6,16.88,0.0,11417.0,16.0,0,1,0.0,280,9,2013,7,2003
51,15000.0,60,18.25,382.95,278,8 ,3,75000.0,2,1,2,24.43,0.0,41310.0,23.0,1,1,0.0,203,5,2016,4,1995
52,8000.0,36,11.67,264.46,72,9 ,1,55000.0,2,1,2,25.35,0.0,6725.0,36.0,1,1,0.0,281,10,2014,4,2000
53,14000.0,36,6.24,427.44,45,2 ,3,100000.0,0,1,2,19.01,0.0,31612.0,29.0,1,1,0.0,261,7,2015,1,1999
54,12000.0,60,8.18,244.36,74,7 ,3,60000.0,2,2,2,20.34,0.0,21750.0,20.0,1,1,0.0,304,4,2015,2,2002
55,15000.0,36,13.98,512.52,19,3 ,1,40000.0,0,1,2,14.55,1.0,9207.0,9.0,1,1,1.0,255,10,2014,1,2006
56,12000.0,36,12.35,400.59,208,6 ,3,38000.0,0,1,1,10.67,0.0,9537.0,14.0,0,1,0.0,200,7,2013,12,2004
57,35000.0,36,14.16,1198.94,7,9 ,3,118497.84,1,1,2,10.37,0.0,8148.0,59.0,0,1,0.0,235,3,2014,6,1995
59,15000.0,60,18.55,385.41,132,3 ,0,50000.0,1,1,8,4.22,0.0,8912.0,23.0,0,1,0.0,88,7,2015,12,2003
60,9000.0,36,12.35,300.44,289,7 ,3,59500.0,0,1,1,16.98,0.0,25515.0,35.0,0,1,0.0,73,8,2013,7,1994
61,25000.0,60,22.15,692.61,280,10,3,80000.0,2,1,3,11.36,0.0,20395.0,41.0,0,1,0.0,34,8,2014,10,1990
63,20000.0,36,7.9,625.81,313,9 ,0,76000.0,1,1,2,5.27,0.0,11492.0,19.0,1,1,0.0,390,11,2013,4,1999
64,10000.0,60,15.99,243.13,342,5 ,0,60000.0,2,1,1,11.78,0.0,9197.0,14.0,1,1,0.0,230,1,2015,12,2001
66,15975.0,60,24.99,468.8,56,5 ,3,47000.0,1,1,2,2.4,0.0,2049.0,23.0,1,1,0.0,243,12,2015,5,2003
67,12000.0,60,14.99,285.42,28,1,3,128000.0,1,1,2,13.95,0.0,7939.0,21.0,1,1,0.0,351,11,2014,10,2002
68,9900.0,36,9.67,317.92,34,3 ,0,40000.0,1,1,1,19.85,0.0,13398.0,12.0,0,1,0.0,271,12,2013,9,2003
69,3350.0,36,15.61,117.14,4,10,3,52000.0,0,2,2,4.34,0.0,787.0,9.0,1,1,0.0,394,10,2014,3,2004
70,17000.0,60,19.19,442.77,42,2 ,0,50000.0,2,1,9,16.72,0.0,14014.0,21.0,1,1,0.0,121,7,2015,8,2003
71,6425.0,36,8.39,202.5,223,3 ,0,33000.0,0,1,2,9.43,0.0,6437.0,30.0,1,1,0.0,195,6,2014,10,2000
72,7200.0,36,21.0,271.27,279,5 ,0,30000.0,0,2,1,12.8,0.0,8436.0,13.0,0,1,0.0,0,5,2013,11,2004
73,7475.0,36,12.69,250.75,69,0.6,0,33000.0,1,1,2,15.82,0.0,4041.0,30.0,0,1,0.0,56,4,2015,3,2010
74,10000.0,36,13.98,341.68,126,10,3,55200.0,0,1,1,23.37,0.0,24493.0,27.0,1,1,0.0,188,6,2014,3,1996
75,13200.0,36,10.74,430.53,46,1,0,45000.0,2,1,2,12.8,0.0,10665.0,10.0,0,1,0.0,71,3,2012,5,1994
76,19000.0,36,6.68,583.89,234,10,1,80000.0,0,1,2,24.63,0.0,26650.0,56.0,0,1,0.0,175,3,2015,6,1996
77,11250.0,60,19.22,293.2,153,1,0,135000.0,1,1,2,10.68,0.0,4944.0,26.0,0,1,0.0,225,12,2013,11,1986
79,33000.0,60,17.27,824.94,212,9 ,3,92000.0,1,1,2,28.7,0.0,32332.0,24.0,0,1,0.0,171,3,2013,4,2000
80,19000.0,36,12.12,632.17,47,8 ,0,48000.0,2,1,2,29.76,0.0,30071.0,28.0,0,1,0.0,239,7,2012,6,1994
81,10000.0,36,16.99,356.48,76,7 ,1,40000.0,0,2,2,14.34,0.0,7680.0,18.0,0,1,0.0,204,1,2014,5,2003
82,8050.0,36,16.55,285.21,75,4 ,0,29500.0,0,2,2,28.23,0.0,3327.0,12.0,1,1,0.0,247,3,2015,1,2002
83,9000.0,36,15.61,314.69,257,6 ,0,80000.0,2,1,0,15.51,0.0,6554.0,26.0,0,1,0.0,165,3,2015,9,1994
84,7200.0,36,19.97,267.47,346,6 ,0,72000.0,0,2,7,15.28,0.0,7176.0,43.0,0,1,0.0,231,2,2014,3,2001
85,5600.0,36,7.89,175.2,205,5 ,3,63000.0,1,1,1,3.2,0.0,5066.0,8.0,0,1,0.0,301,6,2016,9,2012
86,10000.0,36,18.25,362.78,187,3 ,0,39000.0,0,1,4,28.83,0.0,5540.0,26.0,0,1,0.0,3,1,2014,4,2006
87,30000.0,60,24.7,875.28,212,5 ,3,187321.0,1,1,2,21.03,0.0,54810.0,52.0,0,1,0.0,96,7,2012,10,2002
89,23000.0,36,8.39,724.89,83,10,3,80000.0,2,1,2,14.49,0.0,51791.0,34.0,0,1,0.0,313,7,2014,5,1998
90,18000.0,36,10.99,589.22,284,4 ,3,90000.0,2,1,2,17.43,0.0,12038.0,16.0,0,1,0.0,19,10,2013,12,2002
93,5000.0,36,10.99,163.67,120,7 ,0,52000.0,0,1,2,16.27,0.0,9855.0,19.0,0,1,0.0,381,1,2014,10,2005
94,4000.0,36,13.33,135.42,333,10,3,75000.0,0,1,2,5.34,0.0,12663.0,16.0,0,1,0.0,266,10,2015,5,1990
95,30000.0,36,16.49,1061.99,297,10,0,101000.0,1,1,2,15.76,1.0,6080.0,15.0,0,1,1.0,95,11,2014,6,2003
96,12625.0,60,25.78,376.36,220,7 ,3,43000.0,1,1,1,33.88,0.0,19993.0,31.0,1,1,0.0,206,7,2015,8,2003
97,13400.0,60,25.83,399.86,107,10,3,56000.0,1,2,2,28.05,0.0,28845.0,44.0,1,1,0.0,18,11,2014,6,2001
101,9100.0,36,13.99,310.98,321,9 ,0,41000.0,2,2,2,11.8,1.0,1355.0,12.0,1,1,1.0,64,10,2015,2,2001
102,26000.0,36,15.22,904.11,159,10,0,59500.0,1,1,1,11.25,0.0,24655.0,15.0,0,1,0.0,92,8,2013,7,1994
103,30000.0,36,15.31,1044.52,14,9 ,3,108000.0,1,2,2,7.25,0.0,19430.0,15.0,1,1,0.0,177,12,2012,5,1998
104,15000.0,36,6.62,460.56,54,6 ,3,83000.0,1,1,5,10.52,0.0,2213.0,22.0,1,1,0.0,178,6,2013,6,2006
105,8000.0,36,12.35,267.06,288,7 ,0,27000.0,1,1,3,10.4,0.0,9027.0,9.0,1,1,0.0,199,8,2013,10,2006
106,8000.0,36,12.99,269.52,254,8 ,3,25000.0,0,1,1,15.36,1.0,11024.0,18.0,1,1,1.0,60,10,2013,12,2002
107,11200.0,60,15.31,268.28,255,9 ,0,106000.0,2,1,5,11.82,1.0,2524.0,30.0,0,1,1.0,43,5,2016,8,1993
108,12000.0,36,7.69,374.33,198,10,3,45000.0,0,1,1,19.12,0.0,5931.0,37.0,0,1,0.0,102,9,2014,4,2001
109,6600.0,36,19.53,243.71,188,10,3,48000.0,2,1,2,34.3,1.0,13712.0,39.0,0,1,1.0,374,3,2016,11,2001
110,5000.0,36,10.16,161.72,167,6 ,0,54000.0,0,1,2,20.56,0.0,18470.0,18.0,0,1,0.0,33,11,2012,2,2003
111,5000.0,36,7.62,155.81,328,10,1,55000.0,0,1,2,1.96,0.0,3602.0,13.0,1,1,0.0,433,11,2013,6,1993
112,14000.0,36,9.75,450.1,192,10,3,47000.0,1,1,2,21.48,0.0,8550.0,38.0,1,1,0.0,263,4,2016,3,2001
113,26575.0,36,16.55,941.54,339,1,0,70000.0,2,1,2,9.32,0.0,21936.0,24.0,0,1,0.0,216,3,2015,10,1999
114,8000.0,36,12.99,269.52,253,10,3,110000.0,1,1,2,21.77,0.0,52572.0,31.0,0,1,0.0,369,10,2013,9,1992
115,6500.0,36,7.9,203.39,277,0.6,3,43000.0,2,1,1,18.87,0.0,6248.0,50.0,1,1,0.0,66,4,2014,11,1992
116,19725.0,60,13.68,455.71,360,2 ,3,73410.0,1,1,2,22.23,0.0,31123.0,11.0,0,1,0.0,208,9,2013,12,2001
117,18525.0,36,15.88,650.19,345,1,3,42000.0,1,1,2,12.97,0.0,6665.0,10.0,0,1,0.0,257,7,2013,6,1983
118,5400.0,36,17.1,192.8,309,5 ,3,153000.0,0,1,2,17.9,0.0,35490.0,29.0,0,1,0.0,236,12,2013,6,2003
119,33600.0,60,16.29,822.28,15,3 ,3,145000.0,1,1,2,11.24,0.0,50348.0,62.0,1,1,0.0,58,7,2014,10,2001
120,28000.0,60,17.86,708.89,113,4 ,3,120000.0,2,1,2,20.98,0.0,26373.0,25.0,0,1,0.0,69,2,2015,7,1999
121,35000.0,36,14.65,1207.3,330,10,3,95000.0,2,1,1,13.2,0.0,15437.0,25.0,1,1,0.0,197,10,2015,9,1997
122,8400.0,36,6.92,259.07,285,3 ,0,105000.0,2,1,1,6.89,2.0,6024.0,12.0,0,1,1.0,143,2,2015,9,2003
123,30000.0,60,23.83,860.09,359,10,3,72500.0,1,2,2,14.09,0.0,6875.0,32.0,0,1,0.0,322,11,2012,11,1993
124,28000.0,60,13.67,646.74,358,1,3,104000.0,1,2,1,20.03,1.0,28164.0,19.0,1,1,0.0,329,12,2015,2,1993
125,12525.0,36,24.99,497.93,114,2 ,0,70000.0,1,1,4,2.4,1.0,3723.0,5.0,0,1,0.0,32,7,2015,4,2007
126,9000.0,36,10.75,293.59,325,10,0,25000.0,2,1,2,8.79,0.0,5905.0,16.0,0,1,0.0,211,6,2016,11,1999
127,19600.0,36,11.14,642.98,361,6 ,0,44000.0,1,1,2,20.78,0.0,2616.0,21.0,0,1,0.0,181,12,2012,11,2005
128,17625.0,36,18.49,641.53,357,10,3,85000.0,0,2,2,23.22,0.0,52379.0,33.0,0,1,0.0,331,5,2013,12,1992
129,15000.0,36,11.99,498.15,271,7 ,3,72000.0,2,1,2,32.85,0.0,26124.0,28.0,0,1,0.0,40,11,2013,5,2003
130,11875.0,36,20.31,443.2,355,10,1,56000.0,1,1,2,5.42,1.0,6182.0,35.0,0,1,1.0,320,7,2013,3,1986
131,30000.0,60,17.86,759.52,174,10,3,74000.0,1,2,1,27.98,1.0,20002.0,18.0,1,1,0.0,180,4,2015,12,1988
132,10000.0,36,17.57,359.38,45,0.6,0,80000.0,1,1,2,17.69,1.0,9631.0,46.0,0,1,1.0,345,4,2015,5,1989
133,13075.0,60,27.31,401.68,70,10,3,54777.0,2,1,2,22.0,0.0,3845.0,27.0,0,1,0.0,68,9,2015,12,2000
134,35000.0,60,19.99,927.1,340,10,3,88500.0,1,1,3,19.88,3.0,37256.0,22.0,0,1,0.0,251,3,2014,3,1991
135,6500.0,36,9.75,208.98,172,10,0,40000.0,1,1,2,34.86,1.0,4803.0,28.0,1,1,1.0,254,3,2016,3,2005
136,12000.0,36,6.49,367.74,196,2 ,0,55000.0,2,1,2,14.05,0.0,6007.0,24.0,0,1,0.0,215,10,2014,6,2010
137,21000.0,60,22.99,591.88,49,2 ,0,45000.0,2,1,2,34.32,0.0,22739.0,42.0,1,1,0.0,308,1,2015,6,2001
138,25000.0,60,12.59,563.6,199,4 ,3,85000.0,0,1,3,5.19,0.0,109715.0,21.0,1,1,0.0,106,11,2015,12,1998
140,5000.0,36,9.17,159.4,5,10,0,85000.0,0,1,1,14.05,0.0,5353.0,21.0,1,1,0.0,420,7,2014,1,1990
141,12000.0,36,14.33,412.06,215,10,0,45000.0,2,1,1,9.33,0.0,12126.0,17.0,1,1,0.0,384,6,2013,1,2001
142,10000.0,36,13.53,339.5,257,6 ,3,150000.0,0,1,5,5.7,0.0,6675.0,28.0,0,1,0.0,248,1,2014,9,2001
144,20000.0,60,22.45,557.51,103,10,3,90000.0,1,2,2,14.11,0.0,17615.0,15.0,0,1,0.0,42,5,2012,1,1994
145,16800.0,60,24.99,493.01,207,2 ,1,51000.0,0,2,1,25.01,1.0,16437.0,11.0,1,1,1.0,167,3,2016,8,2002
146,5500.0,36,13.11,185.61,303,3 ,0,38000.0,0,1,1,6.76,0.0,5668.0,8.0,0,1,0.0,127,10,2012,11,2003
147,13625.0,36,14.64,469.92,210,2 ,0,36000.0,2,1,1,16.2,0.0,21496.0,6.0,0,1,0.0,146,4,2014,7,2003
148,8325.0,36,16.99,296.77,149,5 ,0,54290.0,2,1,2,16.77,0.0,8331.0,18.0,1,1,0.0,141,10,2014,1,2011
149,6375.0,36,24.5,251.79,168,1,1,20000.0,1,2,8,23.73,0.0,2912.0,7.0,0,1,0.0,114,5,2014,8,2008
150,10000.0,36,17.99,361.48,268,2 ,3,21000.0,0,1,4,2.16,0.0,1669.0,5.0,0,1,0.0,253,5,2012,9,2006
151,13225.0,36,12.35,441.48,191,2 ,3,65300.0,1,1,5,10.47,0.0,20175.0,25.0,0,1,0.0,346,8,2013,6,1994
152,12000.0,36,10.16,388.11,250,7 ,3,63000.0,0,1,1,20.9,0.0,10965.0,25.0,0,1,0.0,422,9,2012,6,2005
153,35000.0,36,9.16,1115.6,200,10,3,110000.0,1,1,2,12.57,0.0,58213.0,26.0,1,1,0.0,154,5,2016,11,1997
156,11350.0,36,16.55,402.13,24,10,0,56300.0,2,1,2,29.27,0.0,21016.0,22.0,0,1,0.0,193,6,2015,12,2001
157,9000.0,36,13.67,306.16,57,4 ,3,92000.0,2,2,3,11.31,0.0,14033.0,42.0,0,1,0.0,427,10,2013,9,2006
158,25000.0,60,14.99,594.62,306,10,0,65187.37,1,1,1,8.21,0.0,10574.0,16.0,0,1,0.0,383,6,2014,5,1993
159,21000.0,36,14.65,724.38,135,10,3,60000.0,1,1,3,21.14,0.0,15343.0,33.0,0,1,0.0,401,6,2012,5,1989
160,13000.0,36,12.49,434.84,134,5 ,0,52000.0,2,1,2,15.44,0.0,9169.0,18.0,1,1,0.0,368,4,2014,9,2005
161,9600.0,36,15.61,335.67,304,10,3,70000.0,1,2,1,23.5,0.0,0.0,50.0,0,1,0.0,288,10,2014,4,2000
162,2800.0,36,10.16,90.56,39,3 ,0,29000.0,0,1,1,14.69,0.0,2763.0,27.0,0,1,0.0,182,8,2012,5,2001
163,2200.0,36,16.29,77.67,266,10,3,65500.0,0,1,1,10.49,1.0,76757.0,9.0,0,1,0.0,363,7,2014,6,1992
164,19200.0,36,15.31,668.5,259,3 ,3,88000.0,2,1,2,24.09,0.0,10179.0,20.0,1,1,0.0,83,5,2016,1,2006
165,9000.0,36,11.55,297.0,102,6 ,3,110000.0,0,1,2,13.32,0.0,9248.0,49.0,0,1,0.0,388,8,2013,9,2001
166,8000.0,36,6.62,245.63,197,6 ,3,80000.0,1,1,1,26.39,0.0,19764.0,23.0,0,1,0.0,86,4,2014,4,1986
167,5000.0,36,17.76,180.17,224,10,0,42000.0,2,1,8,33.77,0.0,19118.0,25.0,0,1,0.0,305,11,2013,8,1996
169,7000.0,36,6.24,213.72,173,10,3,96720.0,0,1,3,22.03,0.0,3330.0,37.0,1,1,0.0,155,7,2015,8,1997
170,35000.0,60,23.1,988.68,63,8 ,3,125388.0,1,1,2,25.77,0.0,128741.0,59.0,0,1,0.0,306,10,2013,5,1984
171,10800.0,36,17.57,388.13,91,10,0,45000.0,2,2,2,23.44,0.0,5400.0,30.0,0,1,0.0,432,5,2015,7,2005
172,11950.0,36,13.99,408.37,99,10,0,40000.0,2,2,2,17.76,1.0,7254.0,31.0,0,1,1.0,7,3,2015,8,2003
173,16000.0,36,15.61,559.44,22,10,0,72000.0,2,2,5,11.38,0.0,999.0,5.0,0,1,0.0,224,5,2015,5,2011
174,18000.0,36,11.14,590.5,8,6 ,0,85000.0,0,2,2,11.54,0.0,3891.0,33.0,1,1,0.0,357,4,2013,10,2002
175,6000.0,36,10.49,194.99,330,6 ,0,50000.0,0,1,2,21.65,0.0,6313.0,23.0,1,1,0.0,414,10,2016,3,2005
176,33425.0,36,17.57,1201.2,23,5 ,0,76000.0,1,1,1,17.43,0.0,38952.0,13.0,1,1,0.0,23,6,2015,9,2002
177,25600.0,36,7.69,798.56,119,10,3,105000.0,2,1,2,17.86,0.0,27528.0,35.0,1,1,0.0,282,10,2014,1,1989
178,3550.0,36,24.99,141.13,256,8 ,3,120000.0,2,2,2,6.77,0.0,8934.0,8.0,1,1,0.0,149,3,2014,4,2007
179,20000.0,60,20.49,535.35,271,3 ,3,68000.0,1,1,2,23.72,1.0,6675.0,42.0,1,1,1.0,377,4,2015,8,1999
180,18000.0,60,7.89,364.03,199,9 ,1,85000.0,0,1,1,18.3,0.0,32606.0,24.0,1,1,0.0,118,8,2015,5,1996
181,12800.0,60,22.7,358.64,68,10,0,65000.0,2,2,8,14.82,0.0,11347.0,13.0,0,1,0.0,220,8,2013,10,1999
182,16000.0,60,13.33,366.76,123,1,0,100000.0,1,1,2,6.7,0.0,17309.0,27.0,1,1,0.0,292,3,2015,10,2000
183,5600.0,36,17.56,201.22,98,1,0,103000.0,0,1,11,14.46,1.0,9278.0,14.0,0,1,1.0,25,9,2013,2,1992
184,15000.0,36,11.99,498.15,262,7 ,0,62000.0,1,1,2,26.56,0.0,27438.0,45.0,0,1,0.0,74,1,2015,9,1999
185,16000.0,60,16.99,397.56,89,2 ,3,78200.0,0,1,2,16.48,0.0,7513.0,21.0,1,1,0.0,221,7,2016,7,2001
186,9000.0,36,6.03,273.92,129,10,3,145000.0,0,1,1,15.42,0.0,11685.0,39.0,0,1,0.0,113,7,2014,10,2001
188,6000.0,36,10.99,196.41,324,3 ,0,63000.0,0,1,2,20.65,1.0,2815.0,22.0,1,1,1.0,202,8,2015,8,2001
189,9000.0,36,6.89,277.45,209,4 ,0,65000.0,2,1,2,8.77,0.0,3972.0,31.0,1,1,0.0,57,6,2015,10,2008
190,24000.0,36,14.65,827.87,179,4 ,0,100000.0,1,1,2,5.22,0.0,4616.0,10.0,0,1,0.0,242,4,2015,11,2007
191,35000.0,60,17.57,880.61,330,10,3,150000.0,2,2,2,15.31,0.0,44777.0,52.0,0,1,0.0,415,9,2015,1,1998
192,30000.0,60,19.52,786.83,59,7 ,3,101000.0,1,1,2,19.88,0.0,16300.0,30.0,0,1,0.0,332,2,2015,4,1997
193,3000.0,36,8.9,95.26,249,2 ,0,50000.0,0,1,1,14.71,0.0,16478.0,27.0,0,1,0.0,107,4,2014,3,1999
194,15000.0,36,20.31,559.83,335,3 ,3,100000.0,0,1,1,17.95,0.0,18777.0,40.0,1,1,0.0,20,7,2013,9,1999
195,24000.0,60,24.5,697.42,190,10,3,224000.0,1,2,2,5.41,0.0,5807.0,32.0,0,1,0.0,409,1,2014,8,2001
196,6000.0,36,14.3,205.95,186,5 ,1,40000.0,2,1,8,1.56,0.0,2588.0,17.0,0,1,0.0,11,10,2013,11,2005
197,28000.0,60,21.98,773.02,353,10,0,73000.0,1,2,2,6.67,0.0,6996.0,15.0,1,1,0.0,76,11,2012,6,1996
198,10000.0,36,7.89,312.86,109,10,0,145000.0,2,1,2,10.04,0.0,11832.0,27.0,1,1,0.0,307,2,2015,4,1998
199,9450.0,36,7.62,294.48,222,5 ,3,45000.0,1,1,9,20.81,0.0,3713.0,6.0,0,1,0.0,99,9,2012,8,1999
200,12000.0,36,6.03,365.23,139,6 ,0,45000.0,0,1,2,21.06,0.0,8114.0,16.0,1,1,0.0,326,2,2013,6,1986
201,13000.0,60,19.52,340.96,189,4 ,3,80000.0,2,2,2,14.93,0.0,7681.0,14.0,0,1,0.0,300,5,2014,9,1998
202,20000.0,36,16.29,706.01,352,0.6,3,150000.0,1,1,2,24.45,0.0,54936.0,44.0,0,1,0.0,354,11,2012,6,1982
203,6500.0,36,9.67,208.74,185,5 ,3,41000.0,2,2,1,11.42,0.0,3540.0,20.0,0,1,0.0,91,4,2014,10,1981
204,34350.0,60,28.99,1090.13,267,3 ,0,84000.0,1,1,2,16.86,1.0,8400.0,23.0,1,1,1.0,196,3,2016,9,2003
205,3500.0,36,8.18,109.97,259,1,3,85000.0,1,1,3,8.7,0.0,8142.0,28.0,1,1,0.0,334,4,2015,6,2005
206,3500.0,36,14.65,120.73,234,10,3,28000.0,2,2,0,4.89,1.0,3995.0,6.0,1,1,1.0,104,3,2015,2,1994
207,5400.0,36,11.99,179.34,73,9 ,0,65000.0,2,1,2,17.67,0.0,13958.0,39.0,1,1,0.0,67,2,2015,11,1997
208,14000.0,36,9.67,449.58,332,10,0,98593.24,1,1,2,9.64,0.0,10084.0,26.0,0,1,0.0,426,1,2014,12,1984
209,12250.0,36,10.99,401.0,6,1,0,40000.0,0,1,2,21.99,0.0,3624.0,21.0,1,1,0.0,168,1,2014,7,2003
210,28625.0,36,11.99,950.63,330,10,3,60000.0,1,1,2,24.6,0.0,19021.0,25.0,1,1,0.0,78,1,2014,11,1991
211,13600.0,36,12.99,458.18,281,9 ,3,64000.0,0,1,1,28.8,1.0,15409.0,52.0,1,1,1.0,375,5,2014,5,1994
212,14675.0,36,15.61,513.11,125,8 ,0,130000.0,1,1,2,8.56,0.0,11120.0,11.0,0,1,0.0,278,10,2013,10,2001
213,15000.0,36,9.49,480.43,291,2 ,0,52000.0,1,1,1,10.06,0.0,5260.0,27.0,0,1,0.0,80,1,2015,11,2006
214,13300.0,36,10.49,432.22,214,10,3,58000.0,2,2,2,23.98,0.0,12716.0,18.0,0,1,0.0,87,12,2014,8,2000
215,23050.0,60,16.29,564.09,338,3 ,0,97000.0,1,1,2,7.36,0.0,3798.0,16.0,1,1,0.0,290,10,2014,10,2004
216,11325.0,60,25.99,339.01,261,9 ,3,38000.0,2,2,2,17.34,0.0,7498.0,32.0,0,1,0.0,397,1,2015,9,2004
217,20000.0,36,19.52,738.39,145,0.6,0,60000.0,1,1,2,11.96,0.0,15195.0,25.0,0,1,0.0,31,9,2013,6,2003
219,25900.0,60,16.29,633.84,131,7 ,0,67000.0,0,1,2,31.72,1.0,2874.0,21.0,1,1,1.0,156,3,2016,3,2001
220,8000.0,36,12.69,268.36,216,10,0,98000.0,0,1,2,21.14,0.0,7969.0,16.0,0,1,0.0,283,5,2015,4,1988
221,25000.0,60,12.49,562.33,111,10,0,170000.0,1,1,5,1.41,0.0,2390.0,13.0,0,1,0.0,152,9,2014,9,1998
222,7500.0,36,24.08,294.57,302,10,3,90000.0,1,2,9,25.41,0.0,12087.0,13.0,1,1,0.0,276,7,2014,5,2004
223,11000.0,36,11.44,362.43,330,10,0,87000.0,2,1,1,13.77,1.0,9814.0,38.0,0,1,1.0,103,11,2014,8,1988
224,18000.0,36,12.12,598.89,354,10,0,74000.0,0,1,2,22.28,0.0,12971.0,14.0,0,1,0.0,434,4,2013,4,1998
225,21000.0,36,9.67,674.37,342,10,1,85000.0,1,1,2,29.73,0.0,13151.0,39.0,0,1,0.0,22,2,2014,4,2000
226,4550.0,36,8.39,143.41,204,10,3,84000.0,2,1,1,28.32,0.0,20888.0,30.0,1,1,0.0,59,6,2016,3,1994
227,18000.0,36,11.14,590.5,236,2 ,3,42000.0,0,1,2,11.95,0.0,13072.0,24.0,0,1,0.0,302,6,2013,8,2004
228,35000.0,36,12.99,1179.12,183,10,3,350000.0,1,1,3,8.19,0.0,216194.0,43.0,1,1,0.0,361,2,2016,9,1992
229,15000.0,36,12.99,505.34,232,0.6,0,65000.0,0,1,0,10.14,0.0,3773.0,9.0,0,1,0.0,63,3,2014,12,1992
230,10000.0,36,13.05,337.19,310,1,0,50000.0,0,1,2,11.88,0.0,9670.0,19.0,1,1,0.0,122,8,2013,12,2006
231,10000.0,36,13.98,341.68,38,10,3,100000.0,0,1,2,19.5,0.0,26117.0,38.0,0,1,0.0,339,8,2014,11,1998
232,15000.0,36,18.25,544.17,33,0.6,0,75000.0,2,2,8,17.2,0.0,10432.0,26.0,0,1,0.0,150,4,2012,10,1997
233,2000.0,36,14.98,69.32,330,5 ,0,50000.0,0,1,2,14.57,0.0,26528.0,17.0,0,1,0.0,412,1,2014,3,1989
234,3600.0,36,19.52,132.92,247,8 ,0,110000.0,0,1,2,21.3,0.0,5991.0,20.0,0,1,0.0,183,8,2014,10,1999
235,20000.0,36,11.99,664.2,30,6 ,3,98000.0,2,1,2,31.89,0.0,86411.0,37.0,0,1,0.0,93,11,2014,2,1988
236,15000.0,36,13.98,512.52,170,5 ,0,120000.0,0,1,2,9.88,2.0,8715.0,39.0,0,1,1.0,227,10,2014,11,1993
237,8000.0,36,13.98,273.35,199,10,3,85000.0,0,1,2,17.61,0.0,22152.0,39.0,1,1,0.0,404,6,2014,6,1990
238,24000.0,36,17.57,862.49,278,10,1,85000.0,2,2,2,24.12,0.0,42035.0,40.0,1,1,0.0,194,4,2014,7,1982
239,12400.0,36,16.59,439.57,282,10,3,112000.0,2,1,2,15.18,1.0,2506.0,38.0,0,1,1.0,299,3,2014,12,1984
241,8500.0,36,10.15,274.88,248,10,3,70000.0,0,1,2,16.25,0.0,12509.0,18.0,1,1,0.0,111,5,2014,3,1997
242,25000.0,36,11.99,830.24,43,10,0,100000.0,0,1,2,13.33,0.0,7851.0,33.0,1,1,0.0,166,12,2015,10,1994
243,20000.0,60,25.89,597.51,128,2 ,3,52000.0,1,1,2,23.68,0.0,9310.0,39.0,1,1,0.0,53,7,2013,12,1997
244,22950.0,60,17.57,577.43,223,10,1,50000.0,2,1,2,24.15,0.0,4678.0,22.0,1,1,0.0,37,10,2014,7,1998
245,15000.0,36,11.14,492.08,344,10,3,53000.0,0,1,2,7.54,1.0,13033.0,25.0,0,1,1.0,229,2,2013,11,1992
247,15100.0,36,21.99,576.6,197,5 ,0,42000.0,2,2,2,20.26,1.0,3809.0,15.0,0,1,1.0,333,6,2015,6,2002
248,30000.0,36,12.12,998.15,336,10,3,95000.0,1,1,3,4.7,0.0,13589.0,10.0,0,1,0.0,1,4,2012,5,1991
249,11500.0,60,23.99,330.77,363,0.6,0,36000.0,2,2,1,3.97,0.0,4227.0,6.0,1,1,0.0,291,10,2015,10,2011
251,16000.0,60,17.57,402.57,281,8 ,0,56000.0,2,2,2,31.55,0.0,24840.0,20.0,1,1,0.0,28,2,2014,12,2000
252,4000.0,36,15.61,139.86,263,4 ,0,39500.0,0,2,2,28.87,1.0,3788.0,20.0,1,1,1.0,396,7,2014,4,1998
253,7475.0,36,16.29,263.88,230,10,3,100000.0,0,1,2,11.15,1.0,2596.0,32.0,1,1,1.0,438,10,2014,4,2001
254,9600.0,36,11.49,316.53,199,5 ,0,45000.0,1,1,1,21.01,0.0,12232.0,16.0,1,1,0.0,17,8,2016,9,1999
255,3500.0,36,14.16,119.9,42,0.6,1,39648.0,2,1,8,15.13,1.0,2776.0,14.0,1,1,0.0,55,3,2014,11,1999
256,8975.0,36,14.65,309.59,3,7 ,0,36500.0,2,1,2,10.33,0.0,2634.0,16.0,0,1,0.0,48,6,2015,9,2007
257,19800.0,36,14.47,681.25,242,7 ,3,47364.0,2,1,2,24.68,0.0,5421.0,15.0,0,1,0.0,137,1,2014,7,2001
258,2500.0,36,10.74,81.54,319,10,3,55000.0,0,1,1,21.2,0.0,16263.0,30.0,0,1,0.0,270,6,2012,1,1994
259,2000.0,36,11.53,65.99,16,10,3,102000.0,0,1,3,22.76,0.0,25156.0,29.0,1,1,0.0,337,4,2015,1,2005
260,7800.0,36,11.55,257.4,178,10,0,40000.0,0,2,2,10.08,0.0,13674.0,13.0,0,1,0.0,439,7,2013,1,2007
261,2400.0,36,8.67,75.96,275,5 ,3,61500.0,0,1,2,16.39,0.0,6999.0,20.0,1,1,0.0,241,12,2014,1,2010
262,15000.0,36,13.11,506.21,53,10,0,66900.0,1,1,2,15.07,0.0,8325.0,15.0,0,1,0.0,6,3,2013,3,1987
263,8000.0,36,12.49,267.6,169,6 ,3,50000.0,2,1,2,20.91,0.0,8131.0,15.0,1,1,0.0,153,3,2014,8,2008
264,12500.0,36,12.12,415.9,176,2 ,0,45000.0,0,2,2,11.04,0.0,13936.0,20.0,0,1,0.0,61,9,2012,2,1997
265,8000.0,36,11.67,264.46,104,10,0,48000.0,0,1,2,27.73,0.0,3071.0,21.0,1,1,0.0,256,7,2014,4,1998
266,18000.0,36,7.89,563.15,342,7 ,3,87000.0,1,2,2,17.44,0.0,6972.0,30.0,1,1,0.0,238,3,2015,10,1986
267,8000.0,36,13.99,273.39,278,9 ,3,100000.0,1,1,8,22.79,0.0,14525.0,36.0,1,1,0.0,425,6,2016,11,2004
268,9500.0,36,7.62,296.04,85,3 ,1,37000.0,2,1,3,24.78,0.0,6934.0,22.0,0,1,0.0,130,3,2012,3,2002
269,12000.0,36,13.11,404.97,20,4 ,3,142000.0,0,1,2,18.71,0.0,41627.0,44.0,0,1,0.0,12,7,2012,7,1993
270,10000.0,36,11.14,328.06,349,5 ,3,58000.0,2,1,1,8.57,0.0,16354.0,28.0,1,1,0.0,145,12,2012,7,1999
271,12000.0,60,13.49,276.06,10,2 ,3,61000.0,2,1,2,27.46,0.0,4518.0,20.0,1,1,0.0,330,10,2016,3,2007
272,24000.0,36,8.59,758.63,234,10,1,98000.0,0,1,2,26.34,0.0,19793.0,49.0,0,1,0.0,244,7,2016,8,1989
273,5825.0,36,10.64,189.72,219,2 ,0,35000.0,0,1,2,6.41,0.0,6197.0,15.0,0,1,0.0,79,7,2013,10,1999
274,2850.0,36,15.31,99.23,324,2 ,0,57000.0,2,1,1,11.41,1.0,2377.0,12.0,0,1,1.0,35,2,2016,2,1994
275,28000.0,36,8.18,879.75,124,2 ,3,250000.0,2,1,2,19.76,0.0,111133.0,27.0,1,1,0.0,184,10,2015,4,1999
276,25000.0,60,16.99,621.18,152,8 ,3,87000.0,1,1,2,18.57,2.0,27217.0,31.0,1,1,0.0,173,3,2015,10,1995
279,11200.0,60,13.33,256.74,199,4 ,3,65000.0,2,1,1,10.32,0.0,6247.0,35.0,1,1,0.0,435,4,2015,3,1997
280,1000.0,36,13.67,34.02,323,0.6,0,50000.0,2,1,2,13.58,0.0,6431.0,19.0,0,1,0.0,310,7,2012,5,2007
282,3900.0,36,14.64,134.51,120,10,1,70000.0,0,1,2,16.1,0.0,10005.0,20.0,0,1,0.0,214,4,2014,12,1993
283,15000.0,36,7.69,467.91,120,3 ,3,90000.0,2,2,1,13.15,1.0,10064.0,19.0,1,1,1.0,347,9,2014,6,2002
284,3800.0,36,18.25,137.86,61,10,3,54000.0,1,1,2,14.07,1.0,4927.0,56.0,0,1,1.0,174,3,2015,6,1990
285,20000.0,60,15.61,482.23,287,10,3,60000.0,2,1,2,32.38,0.0,43243.0,40.0,1,1,0.0,318,10,2014,4,1988
286,21000.0,36,6.03,639.15,337,10,1,495000.0,2,1,4,0.0,0.0,0.0,26.0,1,1,0.0,273,5,2013,7,1982
287,3600.0,36,8.67,113.93,203,0.6,1,80000.0,0,1,2,10.88,0.0,8946.0,31.0,0,1,0.0,327,12,2014,6,1989
288,18000.0,60,14.98,428.03,258,10,3,83000.0,2,1,2,16.57,0.0,17690.0,32.0,1,1,0.0,249,1,2014,4,1995
290,15000.0,36,14.33,515.08,41,10,0,39000.0,0,1,1,23.35,1.0,11063.0,21.0,0,1,1.0,405,4,2013,11,1998
291,5000.0,36,14.99,173.31,228,9 ,3,59000.0,2,1,8,16.72,1.0,7273.0,29.0,1,1,1.0,151,10,2014,10,2002
292,20000.0,60,18.49,513.22,130,10,3,130000.0,1,1,1,7.94,0.0,18275.0,31.0,0,1,0.0,9,8,2012,4,1998
293,6000.0,36,17.57,215.63,86,10,0,80000.0,2,1,2,14.16,0.0,4411.0,22.0,1,1,0.0,228,4,2014,8,1997
294,24725.0,60,25.44,732.11,64,6 ,3,85000.0,0,1,8,17.55,0.0,13212.0,30.0,1,1,0.0,303,6,2016,3,2004
295,12000.0,60,13.99,279.16,265,10,0,36000.0,2,2,1,22.4,1.0,5901.0,16.0,1,1,0.0,294,6,2015,4,1997
296,12000.0,36,9.71,385.58,317,10,3,96000.0,0,1,3,7.21,0.0,9573.0,24.0,0,1,0.0,158,8,2013,12,1990
297,30000.0,36,16.2,1057.68,151,10,3,75000.0,1,1,1,23.25,0.0,23032.0,27.0,0,1,0.0,352,9,2013,6,1997
298,4000.0,36,16.49,141.6,146,1,3,41000.0,2,1,3,5.3,0.0,7303.0,20.0,1,1,0.0,232,12,2014,5,1997
299,15000.0,36,15.61,524.48,82,7 ,3,71500.0,2,1,2,11.75,0.0,5448.0,30.0,0,1,0.0,240,2,2015,10,2003
300,24000.0,60,19.24,625.75,228,10,0,120000.0,2,1,2,11.38,0.0,23427.0,28.0,0,1,0.0,360,1,2015,5,1994
301,23400.0,36,24.11,919.41,312,10,0,65000.0,1,2,8,23.25,1.0,1676.0,16.0,0,1,1.0,382,2,2016,4,1996
302,27200.0,60,23.99,782.34,154,2 ,0,72000.0,1,2,2,27.63,1.0,10123.0,49.0,1,1,1.0,160,2,2015,4,1992
303,10000.0,36,10.49,324.98,270,2 ,3,95000.0,0,1,2,8.38,0.0,10117.0,11.0,1,1,0.0,75,10,2016,9,2005
304,24000.0,60,13.98,558.19,25,4 ,0,85000.0,2,1,1,14.61,0.0,21723.0,38.0,0,1,0.0,321,2,2014,10,1998
305,15000.0,36,11.99,498.15,81,10,3,74600.0,0,1,2,16.36,0.0,12365.0,24.0,0,1,0.0,423,10,2013,3,1983
306,31300.0,36,13.11,1056.28,118,7 ,3,70000.0,1,1,2,28.89,0.0,39282.0,24.0,1,1,0.0,38,12,2012,3,1985
307,14400.0,60,15.31,344.93,27,0.6,3,47500.0,1,1,2,20.56,0.0,9561.0,30.0,1,1,0.0,411,3,2013,2,1997
308,12000.0,36,15.8,420.71,218,10,3,90480.0,0,1,2,18.46,0.0,26405.0,21.0,1,1,0.0,94,6,2013,11,1991
309,11000.0,36,13.98,375.85,324,10,3,65000.0,1,1,2,6.33,1.0,9503.0,24.0,0,1,0.0,139,2,2014,6,2002
310,10000.0,36,14.99,346.61,358,3 ,0,95000.0,1,1,2,26.25,1.0,21014.0,40.0,1,1,0.0,250,1,2015,10,1993
311,20000.0,36,13.33,677.07,90,10,3,85000.0,2,1,3,11.2,0.0,49986.0,22.0,1,1,0.0,77,4,2015,10,1998
313,7625.0,36,14.49,262.43,97,10,0,75000.0,2,1,2,11.95,1.0,5251.0,14.0,0,1,1.0,436,10,2014,11,1999
314,8000.0,36,7.69,249.55,150,3 ,0,45000.0,0,1,1,17.44,0.0,7476.0,30.0,1,1,0.0,123,10,2014,11,2004
315,28500.0,36,11.99,946.48,195,10,3,240000.0,2,1,2,6.87,0.0,21904.0,26.0,0,1,0.0,285,3,2014,11,1997
316,18000.0,36,13.11,607.45,101,10,3,88000.0,0,1,2,24.11,0.0,15302.0,25.0,0,1,0.0,365,8,2012,4,1995
317,26375.0,36,17.86,951.67,358,2 ,0,60000.0,0,2,2,14.3,0.0,6623.0,16.0,1,1,0.0,219,11,2014,5,2001
318,20000.0,36,10.49,649.96,201,10,3,164732.0,2,1,2,13.98,0.0,16583.0,20.0,1,1,0.0,287,1,2015,4,2002
319,9000.0,36,12.69,301.91,31,9 ,0,85000.0,1,1,2,16.9,0.0,6722.0,12.0,0,1,0.0,131,7,2015,12,2004
320,15000.0,36,9.67,481.69,116,10,3,58164.0,2,1,2,18.05,0.0,15445.0,33.0,1,1,0.0,62,2,2014,4,2003
321,12500.0,36,11.14,410.07,60,1,3,55000.0,0,1,2,15.25,0.0,14115.0,13.0,0,1,0.0,289,10,2012,3,2000
323,10000.0,36,5.32,301.15,315,4 ,3,65000.0,0,1,1,16.8,0.0,21051.0,57.0,1,1,0.0,350,5,2015,1,2005
324,4000.0,36,21.49,151.71,87,10,3,60000.0,2,1,2,15.88,0.0,7297.0,23.0,1,1,0.0,39,7,2016,6,2003
325,10000.0,36,7.62,311.62,67,10,3,85838.0,0,1,2,16.25,0.0,14225.0,16.0,0,1,0.0,367,1,2013,7,1985
326,20000.0,60,9.99,424.85,330,10,3,94000.0,0,1,2,13.85,0.0,14642.0,25.0,1,1,0.0,371,11,2015,5,1978
327,34800.0,36,18.99,1275.46,165,6 ,0,78000.0,1,1,0,2.89,0.0,659.0,26.0,0,1,0.0,366,9,2014,8,1999
328,5000.0,36,12.12,166.36,217,7 ,3,24000.0,0,1,2,22.75,0.0,4155.0,25.0,0,1,0.0,110,6,2013,2,1994
329,15000.0,36,13.05,505.78,115,6 ,3,64500.0,1,1,1,26.4,0.0,12964.0,29.0,0,1,0.0,125,8,2013,8,2000
330,25000.0,60,14.64,590.04,244,10,3,210000.0,0,1,2,9.58,0.0,24429.0,29.0,0,1,0.0,222,4,2014,8,1988
331,5075.0,36,17.27,181.63,362,10,3,53000.0,1,1,1,24.93,0.0,16446.0,33.0,1,1,0.0,136,1,2013,2,2001
332,7500.0,36,14.99,259.96,241,3 ,0,20000.0,0,1,1,27.91,0.0,4838.0,11.0,1,1,0.0,237,1,2015,9,2010
333,35000.0,60,23.28,992.31,36,10,3,78000.0,1,1,2,20.62,0.0,39415.0,17.0,0,1,0.0,403,3,2013,5,1989
334,4950.0,36,14.65,170.75,175,0.6,3,60000.0,1,1,2,19.88,1.0,3479.0,20.0,0,1,1.0,246,7,2015,12,2002
335,12000.0,36,13.33,406.24,48,10,0,65000.0,2,2,2,20.39,0.0,23963.0,38.0,1,1,0.0,356,4,2015,10,1996
337,17600.0,36,13.11,593.95,40,4 ,0,50000.0,0,1,2,25.01,0.0,16787.0,11.0,0,1,0.0,41,3,2013,4,2007
338,10000.0,36,6.62,307.04,177,1,3,43900.0,0,1,1,13.86,0.0,4575.0,19.0,0,1,0.0,163,10,2012,5,1997
340,18000.0,36,12.69,603.81,141,2 ,1,51500.0,2,1,1,15.51,0.0,9482.0,21.0,1,1,0.0,269,9,2015,4,1995
341,16475.0,60,19.99,436.4,194,10,3,55000.0,1,1,2,20.18,0.0,38742.0,29.0,1,1,0.0,198,11,2014,6,1993
342,10150.0,36,19.22,373.19,331,2 ,0,48360.0,2,1,2,27.47,0.0,8006.0,18.0,0,1,0.0,84,2,2014,9,2009
343,15250.0,36,16.29,538.34,79,5 ,0,44000.0,0,1,2,24.3,0.0,12775.0,24.0,0,1,0.0,186,5,2013,10,1998
344,20000.0,60,25.89,597.51,221,4 ,1,90000.0,1,2,11,29.21,0.0,6245.0,24.0,1,1,0.0,90,7,2013,1,1999
345,6900.0,36,16.99,245.97,0,0.6,3,39000.0,1,1,3,6.46,2.0,3787.0,15.0,0,1,0.0,21,8,2014,6,1999
346,20400.0,60,18.24,520.7,286,4 ,0,51000.0,2,2,2,32.72,1.0,13284.0,38.0,1,1,0.0,380,8,2014,10,1994
347,2400.0,36,8.18,75.41,155,2 ,0,49464.0,0,1,8,17.2,0.0,2619.0,25.0,1,1,0.0,440,7,2015,5,1996
349,3000.0,36,9.49,96.09,316,10,3,65839.0,2,1,2,8.55,0.0,9915.0,23.0,1,1,0.0,402,7,2016,6,2005
351,6625.0,36,14.09,226.72,161,10,0,42000.0,1,1,1,4.51,1.0,3974.0,36.0,0,1,1.0,349,5,2013,1,2000
352,28000.0,36,8.19,879.88,243,2 ,0,100000.0,2,1,1,19.92,0.0,48323.0,45.0,1,1,0.0,407,11,2014,1,2001
353,6625.0,36,15.8,232.27,1,10,1,25000.0,0,2,1,19.34,0.0,13682.0,21.0,1,1,0.0,29,5,2013,4,2000
354,35000.0,60,22.99,986.47,157,8 ,1,250000.0,1,1,2,14.62,0.0,657.0,31.0,1,1,0.0,36,1,2015,9,1987
355,4000.0,36,11.53,131.97,226,10,3,60000.0,0,1,1,15.7,2.0,14014.0,11.0,0,1,0.0,170,5,2015,8,1998
356,8275.0,36,9.25,264.11,52,10,1,25000.0,2,1,2,31.87,0.0,15486.0,15.0,0,1,0.0,81,10,2013,10,1993
357,17000.0,60,8.39,347.89,62,7 ,3,76000.0,1,1,2,20.39,0.0,2172.0,35.0,1,1,0.0,209,10,2014,2,2001
358,35000.0,36,12.29,1167.36,80,10,3,130000.0,2,2,2,25.29,0.0,30712.0,28.0,1,1,0.0,49,9,2015,1,2003
359,18000.0,36,6.03,547.84,365,2 ,3,42000.0,0,2,2,6.74,0.0,6706.0,27.0,0,1,0.0,418,1,2015,1,1995
360,15000.0,36,16.29,529.51,354,9 ,0,72000.0,2,1,2,23.63,0.0,12468.0,27.0,0,1,0.0,189,11,2012,10,2005
362,21150.0,36,13.11,713.75,29,2 ,0,52000.0,0,1,2,23.26,0.0,25926.0,27.0,0,1,0.0,260,1,2013,5,2000
363,17325.0,60,14.33,406.1,142,6 ,0,40000.0,2,1,2,24.0,0.0,14326.0,15.0,0,1,0.0,233,9,2013,8,2001
364,25000.0,60,11.44,549.07,321,10,3,99000.0,1,1,2,33.01,0.0,29067.0,49.0,1,1,0.0,148,1,2015,6,1981
365,10000.0,36,8.19,314.25,341,4 ,0,65000.0,2,1,1,23.19,0.0,20596.0,30.0,1,1,0.0,275,2,2015,12,2003
367,12000.0,36,13.11,404.97,348,10,0,39000.0,1,1,2,23.4,0.0,15342.0,11.0,1,1,0.0,387,5,2013,11,1996
368,15350.0,36,19.05,563.06,50,10,3,72000.0,2,1,2,32.6,0.0,23711.0,49.0,0,1,0.0,279,12,2012,8,1996
369,9950.0,36,17.77,358.57,92,0.6,1,30000.0,1,1,1,12.0,0.0,11402.0,32.0,0,1,0.0,82,11,2012,7,2001
370,10000.0,36,14.09,342.22,77,6 ,3,65000.0,0,2,8,26.44,0.0,18652.0,8.0,0,1,0.0,26,10,2012,2,1998
371,10000.0,36,13.11,337.47,105,4 ,0,45000.0,0,1,2,17.31,0.0,9660.0,12.0,0,1,0.0,258,10,2012,10,2000
372,24000.0,60,13.33,550.14,133,10,0,70500.0,2,1,2,20.83,0.0,16563.0,12.0,1,1,0.0,378,10,2015,7,2005
373,11000.0,36,12.99,370.59,294,10,0,90000.0,1,1,2,9.69,1.0,10961.0,21.0,0,1,1.0,312,12,2013,8,1967
374,15000.0,36,15.99,527.29,358,7 ,0,204018.0,1,1,2,19.42,0.0,19805.0,56.0,0,1,0.0,98,1,2015,12,1999
375,8000.0,36,18.92,292.93,327,3 ,0,85000.0,0,1,8,19.29,0.0,27856.0,28.0,1,1,0.0,272,2,2014,10,1996
376,23225.0,60,20.75,625.06,238,5 ,3,52800.0,2,1,2,23.64,2.0,3241.0,32.0,1,1,2.0,336,3,2016,2,1995
377,17000.0,36,10.99,556.48,169,1,3,97000.0,0,1,1,30.15,0.0,16210.0,34.0,1,1,0.0,112,3,2015,9,2001
378,24000.0,36,13.98,820.04,330,6 ,1,80000.0,2,1,2,23.13,0.0,10879.0,27.0,0,1,0.0,376,10,2014,11,2003
381,15000.0,36,18.85,548.71,51,5 ,3,260000.0,1,1,11,14.26,0.0,46675.0,34.0,0,1,0.0,132,8,2013,9,1994
382,16000.0,36,12.99,539.03,199,10,3,65000.0,1,1,6,2.98,0.0,7046.0,9.0,1,1,0.0,262,7,2014,8,2006
384,24000.0,36,6.62,736.89,11,5 ,3,107000.0,0,1,3,10.97,0.0,21138.0,31.0,0,1,0.0,344,4,2014,10,2001
385,13475.0,36,22.99,521.55,333,2 ,0,60000.0,2,1,2,29.3,0.0,13010.0,24.0,0,1,0.0,115,5,2015,11,2009
387,6600.0,36,9.17,210.41,290,10,0,24000.0,0,2,1,10.75,0.0,7469.0,20.0,0,1,0.0,213,6,2014,5,1997
388,19200.0,60,19.99,508.58,109,3 ,3,60000.0,2,1,2,15.9,0.0,20118.0,26.0,1,1,0.0,386,12,2014,6,1997
389,10000.0,60,24.08,288.15,351,10,3,44000.0,1,2,2,29.1,0.0,4410.0,28.0,1,1,0.0,364,10,2013,11,1993
390,17400.0,36,11.39,572.88,182,10,1,81000.0,0,1,8,25.46,0.0,22092.0,47.0,1,1,0.0,16,10,2016,3,1988
391,9550.0,36,13.65,324.78,96,7 ,0,45000.0,0,1,2,15.57,1.0,2472.0,32.0,1,1,1.0,267,3,2014,7,1992
392,19200.0,60,17.27,479.97,138,5 ,3,67000.0,2,1,2,11.02,0.0,11939.0,17.0,0,1,0.0,226,6,2013,7,1991
393,3650.0,36,16.99,130.12,206,1,0,36638.0,0,1,1,26.24,0.0,36222.0,13.0,0,1,0.0,187,4,2015,2,2003
394,11750.0,36,17.57,422.27,88,10,1,49000.0,1,2,2,18.98,0.0,27200.0,17.0,0,1,0.0,24,11,2015,3,1990
396,5375.0,36,15.61,187.94,298,7 ,0,27000.0,0,1,2,6.84,0.0,3639.0,15.0,0,1,0.0,342,11,2013,11,2001
397,20000.0,36,6.03,608.72,229,0.6,3,115000.0,2,1,2,6.56,0.0,14304.0,19.0,1,1,0.0,293,6,2013,5,1986
398,20000.0,36,9.17,637.58,32,5 ,3,52800.0,2,1,1,31.68,0.0,26604.0,23.0,0,1,0.0,370,2,2015,11,1999
399,15000.0,60,14.49,352.85,347,0.6,0,45000.0,2,2,2,29.65,1.0,9850.0,26.0,1,1,1.0,217,10,2014,6,1991
400,10000.0,36,9.67,321.13,114,1,3,100000.0,0,1,2,8.68,0.0,3794.0,13.0,0,1,0.0,395,11,2013,1,2006
401,16500.0,36,8.39,520.03,121,10,3,100000.0,0,1,0,25.97,1.0,82.0,32.0,1,1,1.0,117,2,2016,12,1987
402,7075.0,36,15.61,247.38,292,10,3,36000.0,1,1,2,26.43,1.0,9719.0,37.0,0,1,1.0,316,3,2014,7,1996
403,28000.0,36,5.32,843.22,296,5 ,3,162000.0,2,1,2,15.01,0.0,35413.0,51.0,1,1,0.0,5,6,2015,7,1988
404,9000.0,36,8.39,283.65,114,0.6,0,56000.0,2,1,2,11.98,0.0,8811.0,15.0,0,1,0.0,319,11,2014,12,2002
405,15000.0,36,12.99,505.34,330,10,3,78000.0,2,1,1,10.18,0.0,20545.0,56.0,1,1,0.0,317,3,2014,3,1999
406,28200.0,60,21.49,770.7,326,7 ,0,64000.0,1,1,2,4.81,0.0,12.0,7.0,1,1,0.0,297,5,2013,7,1997
409,12000.0,36,14.09,410.66,300,2 ,0,50000.0,0,2,1,13.07,0.0,11052.0,13.0,0,1,0.0,105,12,2012,4,2004
410,15000.0,36,10.74,489.24,44,5 ,0,48000.0,2,1,2,18.36,0.0,13558.0,20.0,0,1,0.0,126,5,2012,3,1999
412,30000.0,36,18.75,1095.9,84,5 ,3,95000.0,2,1,2,10.17,0.0,21083.0,27.0,0,1,0.0,207,11,2012,6,1996
413,2400.0,36,7.12,74.24,171,4 ,3,24000.0,0,1,1,26.1,1.0,4893.0,17.0,0,1,1.0,140,9,2014,12,2005
414,17000.0,36,10.16,549.83,106,4 ,0,83000.0,1,1,2,15.43,0.0,9422.0,25.0,0,1,0.0,100,2,2013,12,2001
415,15800.0,36,12.99,532.29,330,10,3,104000.0,2,1,2,23.16,0.0,35749.0,22.0,0,1,0.0,169,3,2014,3,1997
416,15000.0,36,16.78,533.15,95,9 ,1,40000.0,0,1,2,24.7,0.0,14448.0,22.0,0,1,0.0,373,8,2013,3,1986
418,8000.0,36,14.09,273.78,350,10,3,45000.0,1,1,3,3.92,0.0,4832.0,5.0,0,1,0.0,399,1,2013,2,2001
419,4000.0,36,18.25,145.12,260,5 ,0,41499.0,1,1,8,31.59,0.0,8275.0,24.0,1,1,0.0,410,7,2015,1,2007
420,6850.0,36,12.49,229.13,257,5 ,0,46574.0,2,1,1,9.33,0.0,6334.0,21.0,1,1,0.0,15,4,2014,12,1999
421,15000.0,36,18.49,545.99,13,7 ,3,98000.0,1,1,3,24.69,1.0,4958.0,22.0,0,1,1.0,185,5,2013,12,2001
423,13500.0,60,17.57,339.67,284,6 ,1,89000.0,1,2,3,8.36,1.0,8410.0,16.0,0,1,1.0,65,10,2014,10,2003
424,12000.0,36,11.99,398.52,329,2 ,3,72000.0,1,1,1,9.93,0.0,14454.0,13.0,1,1,0.0,128,3,2014,3,2003
425,7700.0,36,10.15,249.0,334,10,1,47000.0,2,2,2,27.83,0.0,9061.0,28.0,0,1,0.0,385,7,2014,5,1996
426,10500.0,60,14.99,249.74,259,10,3,84000.0,0,2,1,37.31,0.0,30909.0,42.0,1,1,0.0,372,11,2014,2,1999
429,15000.0,36,14.33,515.08,55,10,3,45000.0,1,1,2,34.37,0.0,16741.0,29.0,0,1,0.0,89,8,2013,5,1984
430,16000.0,36,8.19,502.79,58,0.6,0,40000.0,1,1,2,35.7,0.0,18332.0,28.0,0,1,0.0,2,12,2014,6,2000
431,19075.0,36,13.11,643.73,367,8 ,3,60000.0,0,1,2,14.14,0.0,12937.0,14.0,0,1,0.0,164,10,2012,12,1996
432,10000.0,36,8.19,314.25,117,6 ,1,120000.0,0,2,2,5.7,0.0,11740.0,23.0,0,1,0.0,142,1,2015,9,2007
433,35000.0,60,22.99,986.47,158,6 ,0,92000.0,1,1,2,14.07,0.0,18203.0,11.0,0,1,0.0,212,3,2015,4,2010
434,5000.0,36,14.49,172.09,239,6 ,3,59000.0,0,1,3,16.15,0.0,1285.0,26.0,0,1,0.0,210,5,2014,2,2003
435,11500.0,36,13.67,391.21,364,10,0,35000.0,2,2,1,29.29,0.0,18815.0,24.0,0,1,0.0,116,11,2013,5,2004
436,12000.0,36,6.49,367.74,284,0.6,0,35000.0,0,1,1,18.55,0.0,4801.0,20.0,1,1,0.0,359,9,2014,7,2005
437,20950.0,60,18.99,543.34,49,10,3,50000.0,2,1,3,29.09,0.0,8025.0,37.0,0,1,0.0,147,10,2014,1,2004
438,9725.0,36,14.46,334.56,269,6 ,1,90000.0,0,2,2,26.04,0.0,40009.0,18.0,1,1,0.0,108,6,2016,12,1993
439,10000.0,60,13.99,232.64,35,6 ,1,65000.0,2,1,2,21.95,0.0,21393.0,27.0,0,1,0.0,223,5,2012,5,1999
440,9600.0,36,6.49,294.19,226,3 ,0,42000.0,2,1,2,18.43,0.0,3537.0,12.0,1,1,0.0,47,5,2014,9,1972
441,11500.0,36,13.11,388.1,235,10,3,35000.0,0,1,3,28.15,0.0,9390.0,51.0,0,1,0.0,218,4,2013,9,1992
444,23625.0,60,12.59,532.6,199,10,3,65000.0,0,1,2,21.23,0.0,6700.0,31.0,0,1,0.0,348,11,2015,6,2005
445,9700.0,36,9.99,312.95,251,2 ,0,33384.0,2,1,2,20.56,0.0,8548.0,30.0,0,1,0.0,120,10,2013,10,2006
446,12000.0,60,14.16,280.22,156,10,0,43000.0,2,2,2,9.41,1.0,8852.0,10.0,0,1,1.0,393,3,2014,8,1996
447,19750.0,60,17.27,493.72,366,10,1,44000.0,1,1,2,31.99,0.0,28632.0,27.0,0,1,0.0,277,12,2012,5,1991
448,15000.0,36,6.62,460.56,9,0.6,3,73000.0,0,1,2,10.03,0.0,15352.0,26.0,0,1,0.0,335,7,2013,10,1994
449,7200.0,36,14.65,248.36,227,10,3,82000.0,1,1,3,19.83,0.0,34921.0,24.0,0,1,0.0,324,6,2012,7,1981
450,33000.0,36,12.99,1111.75,21,4 ,3,105000.0,1,2,2,23.06,0.0,39206.0,36.0,0,1,0.0,429,10,2014,7,1999
451,13600.0,36,16.24,479.75,226,1,0,32500.0,0,1,1,17.5,0.0,14586.0,8.0,0,1,0.0,362,1,2014,12,2004
452,4000.0,36,14.65,137.98,283,2 ,0,125000.0,2,1,2,10.59,0.0,11833.0,22.0,1,1,0.0,314,8,2015,9,2003
453,13000.0,36,12.49,434.84,45,10,0,70000.0,2,2,2,16.73,0.0,13586.0,30.0,0,1,0.0,389,4,2014,3,2000
454,12000.0,60,22.45,334.51,301,1,0,46500.0,1,1,2,12.75,1.0,3979.0,50.0,0,1,1.0,358,1,2016,9,1993
455,15000.0,60,25.49,444.59,240,2 ,1,42000.0,2,1,1,10.69,0.0,15108.0,20.0,1,1,0.0,286,11,2016,2,2009
456,6000.0,36,7.89,187.72,180,8 ,3,62000.0,2,1,0,2.71,0.0,3851.0,13.0,1,1,0.0,421,11,2015,10,2007
457,10750.0,36,13.98,367.31,231,5 ,0,33000.0,2,1,2,23.82,0.0,10845.0,20.0,1,1,0.0,325,12,2013,7,2000
458,1000.0,36,7.39,31.06,12,4 ,0,55000.0,2,1,8,16.17,0.0,9079.0,12.0,0,1,0.0,315,4,2016,1,2007
459,26875.0,36,10.78,877.06,333,9 ,0,56000.0,0,1,5,4.5,0.0,20494.0,11.0,1,1,0.0,309,1,2016,1,2002
460,4500.0,36,10.99,147.31,122,8 ,0,34000.0,1,1,2,14.79,1.0,4598.0,17.0,0,1,1.0,205,12,2013,6,1989
461,12000.0,36,16.2,423.08,140,10,3,39000.0,2,1,2,31.17,0.0,6672.0,28.0,0,1,0.0,109,10,2013,1,2000
462,18500.0,60,10.64,398.93,354,10,3,85000.0,1,1,2,8.64,0.0,9935.0,26.0,0,1,0.0,265,8,2013,2,1994
463,34200.0,60,9.17,712.77,358,0.6,0,94500.0,1,2,2,4.37,0.0,3744.0,29.0,1,1,0.0,52,3,2015,4,2001
464,28000.0,36,8.9,889.09,327,9 ,0,109152.0,2,1,2,14.06,0.0,2880.0,20.0,0,1,0.0,341,4,2014,12,1984
465,10000.0,36,10.16,323.43,37,4 ,3,60000.0,1,1,1,12.36,0.0,5057.0,18.0,1,1,0.0,259,3,2013,11,2002
467,16225.0,60,19.52,425.55,109,4 ,0,122000.0,2,1,2,8.93,1.0,393.0,37.0,0,1,1.0,311,8,2014,4,1992
468,8850.0,36,16.99,315.49,197,10,0,40000.0,0,2,2,29.13,0.0,13313.0,17.0,1,1,0.0,264,7,2016,11,2002
470,12000.0,36,14.49,413.0,314,10,3,43653.0,2,1,2,24.47,1.0,2187.0,33.0,1,1,1.0,134,10,2014,12,2003
471,3050.0,36,12.29,101.73,322,0.6,0,40000.0,0,2,8,13.11,0.0,11682.0,8.0,1,1,0.0,8,3,2015,4,2003
472,12000.0,36,15.31,417.81,65,5 ,0,100000.0,0,1,2,20.93,0.0,12092.0,32.0,0,1,0.0,119,7,2012,1,1998
473,3850.0,36,12.12,128.1,368,0.6,0,15000.0,2,1,1,11.6,0.0,6159.0,6.0,0,1,0.0,428,10,2012,11,2003
475,27200.0,36,9.67,873.46,112,6 ,3,130000.0,1,1,2,19.4,0.0,6493.0,27.0,1,1,0.0,355,1,2014,12,2000
476,2500.0,36,8.67,79.12,147,10,0,36500.0,0,1,2,30.29,0.0,4483.0,39.0,0,1,0.0,245,11,2014,6,1999
477,8000.0,36,12.69,268.36,327,10,3,62450.0,1,1,2,15.58,1.0,9467.0,41.0,1,1,1.0,172,3,2015,5,2000
478,21000.0,36,13.67,714.37,184,3 ,3,85000.0,2,2,1,28.8,0.0,15221.0,40.0,0,1,0.0,14,10,2013,1,1999
479,22900.0,36,13.05,772.15,276,10,0,64800.0,1,1,2,16.43,0.0,28475.0,21.0,0,1,0.0,179,8,2013,6,1997
480,5000.0,36,7.9,156.46,144,10,0,53038.0,2,1,2,14.61,0.0,25434.0,40.0,0,1,0.0,400,12,2012,1,1993
481,7500.0,36,14.49,258.13,234,2 ,0,68000.0,2,1,8,9.07,1.0,1820.0,21.0,1,1,1.0,44,6,2014,10,1996
482,24000.0,60,10.75,518.84,233,9 ,3,73000.0,2,1,2,10.6,0.0,12609.0,24.0,1,1,0.0,192,3,2016,5,2005
483,20000.0,36,8.19,628.49,137,0.6,3,75000.0,2,1,1,13.67,1.0,11590.0,31.0,0,1,0.0,419,1,2015,9,1982
485,15000.0,36,11.14,492.08,166,10,0,65000.0,0,1,3,24.13,0.0,18946.0,26.0,0,1,0.0,45,2,2013,4,1990
486,35000.0,36,18.25,1269.73,199,10,3,95000.0,1,1,2,8.54,0.0,5127.0,22.0,0,1,0.0,284,12,2013,2,2002
487,7125.0,36,15.61,249.13,342,0.6,3,46824.0,2,2,2,5.67,1.0,4536.0,32.0,0,1,1.0,353,1,2014,4,1999
488,23000.0,60,16.99,571.49,163,0.6,0,125000.0,1,1,2,9.4,0.0,16666.0,27.0,1,1,0.0,191,8,2014,7,1981
490,10000.0,36,13.05,337.19,66,10,3,52000.0,0,1,1,20.56,0.0,14408.0,22.0,0,1,0.0,431,9,2013,1,2000
491,9600.0,36,11.53,316.71,231,9 ,0,35000.0,0,1,1,33.73,0.0,6311.0,15.0,1,1,0.0,176,8,2015,3,2005
492,10000.0,60,14.33,234.4,26,0.6,0,50000.0,2,1,1,22.25,0.0,5929.0,36.0,1,1,0.0,298,11,2015,4,2001
493,15000.0,36,11.49,494.57,246,10,3,88000.0,2,1,3,15.52,1.0,11910.0,24.0,0,1,1.0,328,8,2016,12,1998
494,10000.0,36,16.29,353.01,349,1,1,36000.0,0,1,1,13.47,0.0,8774.0,23.0,0,1,0.0,85,6,2012,5,2003
495,29100.0,36,14.98,1008.48,211,1,0,65000.0,1,1,1,20.0,0.0,20265.0,26.0,1,1,0.0,416,12,2013,7,2001
496,9000.0,36,13.99,307.56,252,4 ,0,68000.0,0,1,2,7.44,0.0,13403.0,10.0,0,1,0.0,138,4,2012,11,1991
497,9000.0,36,14.64,310.41,293,6 ,3,61000.0,1,1,2,16.07,1.0,819.0,44.0,0,1,1.0,274,4,2014,2,1996
498,12500.0,36,12.85,420.28,148,5 ,3,42000.0,0,1,2,14.83,1.0,9432.0,20.0,0,1,1.0,144,1,2014,4,1999
499,10000.0,36,10.64,325.69,343,10,3,70000.0,0,1,5,12.94,0.0,5812.0,15.0,0,1,0.0,340,8,2013,3,1993
